first_name,last_name,email
Berty,Webling,bwebling0@yandex.ru
Jere,Lowres,jlowres1@marketwatch.com
Valentina,Mcwhinney,vmcwhinney2@vistaprint.com
Dewey,Spearett,dspearett3@bandcamp.com
Smitty,Japp,sjapp4@nsw.gov.au
Liam,Gloster,lgloster5@yahoo.co.jp
Kingston,Roseman,kroseman6@dropbox.com
Doralin,Coyett,dcoyett7@cmu.edu
Rutherford,Harvatt,rharvatt8@wired.com
Clair,Diggle,cdiggle9@wikipedia.org
Bondie,Louw,blouwa@hhs.gov
Dunc,Kemwal,dkemwalb@discuz.net
Clarissa,Glinde,cglindec@google.de
Mandel,Foulcher,mfoulcherd@angelfire.com
Aridatha,Flory,aflorye@redcross.org
Dov,Edelheid,dedelheidf@fda.gov
Valery,McCarver,vmccarverg@dot.gov
Jase,de Banke,jdebankeh@i2i.jp
Carline,Mathonnet,cmathonneti@techcrunch.com
Raynor,Cabrara,rcabraraj@wunderground.com
Skipper,Broadberry,sbroadberryk@is.gd
Deirdre,Ithell,dithelll@ebay.co.uk
Milena,Denerley,mdenerleym@purevolume.com
Cecil,Mendez,cmendezn@wix.com
Allis,Hardacre,ahardacreo@blinklist.com
Daphene,Deyes,ddeyesp@myspace.com
Pieter,Tellwright,ptellwrightq@gov.uk
Leelah,Ludman,lludmanr@mozilla.org
Georges,Foro,gforos@imageshack.us
Abbie,Raymen,arayment@opera.com
Joshua,Marsay,jmarsayu@tripod.com
Cosmo,Court,ccourtv@tripod.com
Renie,Sapsed,rsapsedw@naver.com
Andrea,Barnbrook,abarnbrookx@who.int
Zared,Hentzeler,zhentzelery@walmart.com
Norton,Reolfo,nreolfoz@wisc.edu
Willie,Espadero,wespadero10@angelfire.com
Ashley,Ledram,aledram11@smugmug.com
Teirtza,Reeves,treeves12@cbsnews.com
Sayres,Whittet,swhittet13@storify.com
Thibaud,Pohls,tpohls14@artisteer.com
Morton,Waskett,mwaskett15@eepurl.com
Sephira,Van der Veldt,svanderveldt16@de.vu
Jesus,Skerritt,jskerritt17@angelfire.com
Rudolf,Pietz,rpietz18@nps.gov
Latia,Stockin,lstockin19@nhs.uk
Rhea,Sainz,rsainz1a@time.com
Staford,Keen,skeen1b@cyberchimps.com
Jill,Tomkys,jtomkys1c@liveinternet.ru
Scot,Southway,ssouthway1d@globo.com
Leone,Hordell,lhordell1e@example.com
Lonee,Landal,llandal1f@skyrock.com
Gui,Ruffle,gruffle1g@japanpost.jp
Walliw,Lysons,wlysons1h@usda.gov
Hale,Collidge,hcollidge1i@ustream.tv
Debora,Annott,dannott1j@unc.edu
Patric,Walcar,pwalcar1k@paypal.com
Uta,Corbould,ucorbould1l@sun.com
Nathaniel,Sneaker,nsneaker1m@exblog.jp
Maryellen,Nacci,mnacci1n@creativecommons.org
Kerri,Klimczak,kklimczak1o@google.com.hk
Dorice,Guislin,dguislin1p@reddit.com
Fletcher,MacMenamy,fmacmenamy1q@1688.com
Cristen,Josovitz,cjosovitz1r@jimdo.com
Sarita,Seefus,sseefus1s@sourceforge.net
Koenraad,Cage,kcage1t@usgs.gov
Giuditta,Samwayes,gsamwayes1u@liveinternet.ru
Lanette,Huortic,lhuortic1v@state.tx.us
Tyne,Bacher,tbacher1w@spotify.com
Florentia,Cyson,fcyson1x@nhs.uk
Gianina,Simonazzi,gsimonazzi1y@dailymotion.com
Free,Krinks,fkrinks1z@vistaprint.com
Jojo,Uzielli,juzielli20@miitbeian.gov.cn
Saxon,Tripp,stripp21@shop-pro.jp
Zaneta,Byer,zbyer22@unesco.org
Abelard,Castagnone,acastagnone23@irs.gov
Megen,Riddock,mriddock24@hostgator.com
Cleavland,Vatini,cvatini25@buzzfeed.com
Derrick,Tiner,dtiner26@cam.ac.uk
Alric,Cappleman,acappleman27@apache.org
Dominick,Syder,dsyder28@ask.com
Guglielma,Kubera,gkubera29@gov.uk
Christos,Jiracek,cjiracek2a@php.net
Antonella,Derisley,aderisley2b@odnoklassniki.ru
Garwin,Rapaport,grapaport2c@seattletimes.com
Betty,Schober,bschober2d@privacy.gov.au
Beauregard,Mowne,bmowne2e@google.de
Nobe,Aitchison,naitchison2f@yellowpages.com
Mar,Baggelley,mbaggelley2g@google.com.br
Whitby,Raison,wraison2h@washingtonpost.com
Robert,Hylden,rhylden2i@tinyurl.com
Virginie,MacRory,vmacrory2j@ebay.com
Rosabel,Underwood,runderwood2k@boston.com
Birgit,Kaines,bkaines2l@vimeo.com
Harlie,Loblie,hloblie2m@census.gov
Ardelle,Purple,apurple2n@moonfruit.com
Tressa,Reynish,treynish2o@apache.org
Dalt,Yarnold,dyarnold2p@wikimedia.org
Fabe,Gounot,fgounot2q@nymag.com
Elyssa,Darnody,edarnody2r@mysql.com
Kipp,Nethercott,knethercott2s@webmd.com
Alanah,Easom,aeasom2t@answers.com
Raphael,Burleigh,rburleigh2u@paypal.com
Jania,Villalta,jvillalta2v@timesonline.co.uk
Winfred,Wyman,wwyman2w@sfgate.com
Priscilla,Le Teve,pleteve2x@ox.ac.uk
Hobard,Ditch,hditch2y@thetimes.co.uk
Eldridge,Bultitude,ebultitude2z@dailymail.co.uk
Evelyn,Yellowley,eyellowley30@guardian.co.uk
Hollis,MacMearty,hmacmearty31@wikipedia.org
Rora,Twinborne,rtwinborne32@boston.com
Maxie,Trett,mtrett33@hao123.com
Lottie,Neicho,lneicho34@bloglines.com
Jacquelynn,Panketh,jpanketh35@uol.com.br
Bab,Shovell,bshovell36@skyrock.com
Genia,Ohrtmann,gohrtmann37@fda.gov
Nels,Smidmor,nsmidmor38@gizmodo.com
Sybila,Bransgrove,sbransgrove39@hhs.gov
Gusta,Woods,gwoods3a@addtoany.com
Jaquelyn,Dowda,jdowda3b@dailymail.co.uk
Wilt,Lawlee,wlawlee3c@usnews.com
Arny,Eccersley,aeccersley3d@mapy.cz
Gordy,Penrose,gpenrose3e@dell.com
Sara,Rammell,srammell3f@ezinearticles.com
Pris,Mackerness,pmackerness3g@networkadvertising.org
Esme,Gronaller,egronaller3h@hp.com
Ambur,De Mars,ademars3i@exblog.jp
Mikkel,Kohlerman,mkohlerman3j@deliciousdays.com
Estelle,Sommerville,esommerville3k@imgur.com
Welbie,Naper,wnaper3l@ted.com
Nariko,D'Ambrosio,ndambrosio3m@reddit.com
Brandice,Glasby,bglasby3n@instagram.com
Greg,Asher,gasher3o@springer.com
Dante,Renackowna,drenackowna3p@tumblr.com
Aguistin,Greatbach,agreatbach3q@webeden.co.uk
Eba,Gawen,egawen3r@bluehost.com
Torry,Churcher,tchurcher3s@paginegialle.it
Andree,Earthfield,aearthfield3t@ucsd.edu
Adiana,Lashmar,alashmar3u@nih.gov
Rowland,Murra,rmurra3v@meetup.com
Amble,Ringrose,aringrose3w@army.mil
Russell,MacConnel,rmacconnel3x@boston.com
Erna,O'Sheerin,eosheerin3y@reverbnation.com
Tobiah,Coombe,tcoombe3z@ask.com
Ardene,Toffler,atoffler40@prnewswire.com
Rubetta,Hancill,rhancill41@gnu.org
Neddie,Crammy,ncrammy42@walmart.com
Conrad,Ealden,cealden43@prnewswire.com
Lambert,Pawnsford,lpawnsford44@myspace.com
Brnaba,Glandon,bglandon45@hostgator.com
Joell,Airds,jairds46@npr.org
Odilia,Dearl,odearl47@goo.ne.jp
Tabina,Binnell,tbinnell48@cyberchimps.com
Suellen,Pelman,spelman49@weebly.com
Filippa,Lamba,flamba4a@newyorker.com
Antonin,Sansum,asansum4b@vimeo.com
Eugene,Lorman,elorman4c@ebay.co.uk
Simonne,Alcide,salcide4d@photobucket.com
Kearney,Yansons,kyansons4e@kickstarter.com
Portia,Fey,pfey4f@ow.ly
Artur,Matejka,amatejka4g@marketwatch.com
Kylynn,Grzegorzewicz,kgrzegorzewicz4h@diigo.com
Shelby,Tryme,stryme4i@about.me
Christal,Beedom,cbeedom4j@tuttocitta.it
Ruthy,Gueste,rgueste4k@vk.com
Ellen,Hannum,ehannum4l@hostgator.com
Aretha,Holson,aholson4m@usatoday.com
Roi,Brunel,rbrunel4n@cloudflare.com
Linnea,Boyall,lboyall4o@gov.uk
Sara-ann,Dupoy,sdupoy4p@indiatimes.com
Nicko,Stapels,nstapels4q@oaic.gov.au
Jarrid,Quantrill,jquantrill4r@usatoday.com
Loretta,Vallentine,lvallentine4s@upenn.edu
Claudelle,Tweddle,ctweddle4t@prweb.com
Rufe,Boyson,rboyson4u@shutterfly.com
Nancey,Boughton,nboughton4v@a8.net
Annaliese,Beavors,abeavors4w@sogou.com
Leonanie,Gramer,lgramer4x@home.pl
Jonas,Wollaston,jwollaston4y@yahoo.co.jp
Tiena,Wilbud,twilbud4z@nyu.edu
Dyane,Smurfitt,dsmurfitt50@unicef.org
Mireille,Canedo,mcanedo51@paypal.com
Cheslie,Corless,ccorless52@netvibes.com
Car,Lerner,clerner53@imageshack.us
Cris,Conelly,cconelly54@google.co.jp
Celene,Haggleton,chaggleton55@independent.co.uk
Kitty,McBeth,kmcbeth56@reference.com
Shina,Loveless,sloveless57@wordpress.org
Gloriane,Abramowitz,gabramowitz58@unc.edu
Marrissa,Varley,mvarley59@mapquest.com
Tuesday,O'Kennavain,tokennavain5a@wisc.edu
Cordula,Elms,celms5b@hibu.com
Gris,Keeting,gkeeting5c@baidu.com
Adolphe,Titmus,atitmus5d@nytimes.com
Fallon,Welbourn,fwelbourn5e@bravesites.com
Tammy,Frise,tfrise5f@theguardian.com
Heall,Lockton,hlockton5g@homestead.com
Eleonora,Tiller,etiller5h@wisc.edu
Conroy,Kidby,ckidby5i@irs.gov
Robinia,Heimann,rheimann5j@dell.com
Levon,McTrustey,lmctrustey5k@canalblog.com
Sheelah,Archley,sarchley5l@msu.edu
Othelia,Bargh,obargh5m@ycombinator.com
Boycey,Boake,bboake5n@nsw.gov.au
Lorri,Gaine,lgaine5o@microsoft.com
Frants,Canavan,fcanavan5p@vk.com
Percy,Hundell,phundell5q@google.it
Fawne,Houchen,fhouchen5r@netvibes.com
Michail,Slater,mslater5s@psu.edu
Dodi,Corradengo,dcorradengo5t@unblog.fr
Jdavie,Barrowcliffe,jbarrowcliffe5u@shinystat.com
Tamra,McKeevers,tmckeevers5v@joomla.org
Regan,Stevani,rstevani5w@sohu.com
Bill,Gadman,bgadman5x@businessinsider.com
Augustine,Whithalgh,awhithalgh5y@studiopress.com
Linette,Andriuzzi,landriuzzi5z@miitbeian.gov.cn
Koral,Artus,kartus60@mashable.com
Susann,Bricket,sbricket61@netvibes.com
Brittne,Bengefield,bbengefield62@github.io
Hermina,Taffrey,htaffrey63@washingtonpost.com
Darcee,Camies,dcamies64@netlog.com
Janene,Sokill,jsokill65@tinypic.com
Georgette,Kirman,gkirman66@buzzfeed.com
Averell,Stede,astede67@apple.com
Leonie,Coey,lcoey68@si.edu
Dall,Delmonti,ddelmonti69@opensource.org
Sabrina,Canelas,scanelas6a@seattletimes.com
Nanine,Labusch,nlabusch6b@java.com
Giulia,Knotte,gknotte6c@nationalgeographic.com
Ware,Cockayne,wcockayne6d@guardian.co.uk
Jonathon,Waller,jwaller6e@barnesandnoble.com
Lilas,Geator,lgeator6f@accuweather.com
Jeffry,Comoletti,jcomoletti6g@imgur.com
Skipper,Torre,storre6h@github.io
Catriona,McGarrity,cmcgarrity6i@sourceforge.net
Dillie,Alders,dalders6j@bbc.co.uk
Brnaby,Anscombe,banscombe6k@google.ca
Danny,Crilley,dcrilley6l@usnews.com
Aube,Bolstridge,abolstridge6m@uiuc.edu
Lindi,Wateridge,lwateridge6n@hao123.com
Alberta,Pinn,apinn6o@fastcompany.com
Elfreda,Petrina,epetrina6p@walmart.com
Odella,Dalinder,odalinder6q@ftc.gov
Nara,Powell,npowell6r@time.com
Langston,Halloran,lhalloran6s@google.nl
Kalie,Cranke,kcranke6t@independent.co.uk
Anneliese,Hambric,ahambric6u@zdnet.com
Ginevra,Ibeson,gibeson6v@apple.com
Ferdinanda,Sessuns,fsessuns6w@opera.com
Wheeler,MacPhee,wmacphee6x@cargocollective.com
